Name,ID
Aaditya Chitale,B123001
Aayansh Yadav,B123002
Abhigyan Dutta,B123003
Abhijeet Raj,B123004
Abhipsa Mishra,B123005
Abhishek Bairagi,B123006
Abinash Mohanty,B123007
Abir Banerjee,B123008
Aditi Sahu,B123009
Aditya Tiwari,B123010
Adyesh Mohanty,B123011
Aman Sharma,B123012
Amit Kumar Hota,B123013
Ananta Marndi,B123014
Ananya Dash,B123015
Angel Noor Gloria Dang,B123017
Anil Paliwal,B123018
Aniroop Kar,B123019
Ankit Kumar Sahoo,B123020
Anubha Panda,B123021
Anubhab Anjan Kumar Malik,B123022
Archit Mishra,B123023
Arpit Raj,B123024
Ashish Kumar Sahu,B123025
Ashish Mittal,B123026
Ashutosh Panigrahi,B123027
Atul Dash,B123028
Aum Satyam,B123029
Ayan Bag,B123030
Ayush Padhy,B123031
Ayush Raj,B123032
Ayush Singh,B123033
Ayushman Parida,B123034
Ayushman Sahani,B123035
Badal Pujhari,B123036
Baibhab Kumar Sahu,B123037
Baibhab Sarkar,B123038
Batchu Banu Krishna Tej,B123039
Bismillah Khan,B123041
Biswajit Saha,B123042
Boddu Demudu Naidu,B123043
Chitranshu,B123044
Debadeepta Das,B123045
Deban Kumar Sahu,B123046
Debasmita Panigrahi,B123047
Debi Prasad Das,B123048
Deepika Priyadarshini Naik,B123049
Dhairyawan Kumar Tiwari,B123050
Dhanunjay Reddy G,B123051
Diptesh Panda,B123052
Diptiman Singha,B123053
Divyanshu Yadav,B123054
Diya Mandal,B123055
Durga Prasad Behera,B123056
Farmaan Sidhu,B123057
G Vanessa Reddy,B123058
Gullipalli Himanth,B123059
Hardik Pujari,B123060
Isaac Soumyadarshi,B123061
Kambhampati Karthik,B123062
Kancharlapalli Eshwarsai,B123063
Kartik Gupta,B123064
Katha Amar Lingeshwar Reddy,B123065
Kaushik Kumar Sahoo,B123066
Krishna Kalra,B123067
Krishna Kausik Barik,B123068
Kumar Vanshaj,B123069
Lalit Ranjan Behera,B123070
Manas Ranjan Prusty,B123071
Manasmita Pradhan,B123072
Md Farzan Farooquee,B123073
Mrutunjaya Panda,B123074
N.M Amlan,B123075
Nabin Agrawal,B123076
Namrata Kala,B123077
Priyanshu Shekhar,B323027
Sahishnu Snehit Kumar,B523055
